Name,PAN,CIBIL,DOB,Loan_Type,Sanctioned_Amount,Current_Amount,Credit_Card,Late_Payment,Loan_Tenure,Interest_Rate,Monthly_Income,Monthly_EMI,Previous_Loans,Defaults,Credit_Cards_Count,Credit_Utilization,Loan_Repayment_History,Other_Debts,Employment_Type,Existing_EMIs,Savings_Balance,Total_Annual_Income,Debt_to_Income_Ratio
Kondalrao,KOSDE3421L,720,24-05-2001,Personal Loan,300000,350000,NO,YES,9,3.5,25000,30000,1,4,0,0,Good,YES,Freelancer,1,60000,700000,0.004
Kowsic Anand S,KWFBS3421S,690,15-02-2002,Home Loan,1500000,1502100,NO,YES,20,8.7,45000,75000,1,4,0,0,Good,YES,Freelancer,1,60000,700000,0.004
Ameer Jafar Y,BMGDE3421L,720,24-05-2001,Personal Loan,300000,350000,NO,YES,9,3.5,25000,30000,1,4,0,0,Good,YES,Freelancer,1,60000,700000,0.004
Nandhini V,PRSSEA3421L,720,24-05-2001,Personal Loan,300000,350000,NO,YES,9,3.5,25000,30000,1,4,0,0,Good,YES,Freelancer,1,60000,700000,0.004
Thrisha Krishnamoorthy,KQQDE3421L,720,24-05-2001,Personal Loan,300000,350000,NO,YES,9,3.5,25000,30000,1,4,0,0,Good,YES,Freelancer,1,60000,700000,0.004
Ragunath G,ZVLEO9461U,750,04-08-1976,Personal Loan,14710,5433,NO,NO,3,17.15,60672,5490,2,2,2,57,Poor,YES,Salaried,1,488359,728064,0.09
Monika R.T,LJBDJ9055W,740,11-07-1972,Home Loan,38801,35955,YES,YES,1,14.9,87018,2658,3,1,2,89,Good,YES,Freelancer,2,456670,1044216,0.03
Pavithra Devi,XKPQO9930V,793,21-07-1970,Personal Loan,14451,361,NO,NO,2,9.93,124485,12829,0,0,1,73,Good,YES,Freelancer,2,202743,1493820,0.1
Dhanush Kannaa R,WADZO8954E,756,12-07-1989,Car Loan,34594,28460,YES,YES,8,11.62,74139,2198,0,0,1,10,Good,YES,Self-Employed,3,411777,889668,0.03
Bawa Sakthi Harish S,PRQHB4956L,486,08-09-1975,Personal Loan,6133,602,NO,NO,7,15.31,180085,17528,5,0,5,56,Average,YES,Freelancer,1,260668,2161020,0.1
Yasar Arapath,OOPGX9718A,767,11-03-1989,Car Loan,38720,25080,NO,YES,8,8.89,99148,16690,3,1,0,77,Good,NO,Salaried,2,127724,1189776,0.17
Pavithran J,NZLVJ7468F,879,31-12-1986,Home Loan,37106,19439,YES,NO,7,10.3,132520,19860,1,1,0,65,Average,NO,Salaried,1,219128,1590240,0.15
Yuvabala Sudhan,JKQUN9506X,619,29-07-1977,Education Loan,38387,164,YES,NO,10,14.57,194804,15916,1,0,1,37,Poor,YES,Salaried,0,438397,2337648,0.08
Tamizhenthan S,YMNNJ6496K,639,11-05-1998,Education Loan,39731,20596,YES,YES,7,8.4,183972,10776,4,2,2,63,Poor,NO,Freelancer,0,404350,2207664,0.06
Thamarai Selvan,HJUVM3930F,379,15-11-1964,Education Loan,42061,27650,YES,YES,10,8.56,195688,14806,1,0,0,55,Good,NO,Salaried,0,94355,2348256,0.08
Zeubbabel D,RVZNB2418Q,797,03-05-1966,Car Loan,27367,10827,NO,YES,9,8.29,159189,7686,2,2,0,12,Good,NO,Salaried,0,182110,1910268,0.05
Arjun A Chandran,XOBNN3788Y,595,23-10-1982,Home Loan,14859,5123,NO,YES,6,15.51,186813,5342,4,1,3,31,Poor,NO,Self-Employed,1,15169,2241756,0.03
Subash S,CCWDW9138J,623,03-11-1989,Personal Loan,45830,3658,YES,NO,10,16.45,72465,15601,4,0,5,57,Poor,YES,Self-Employed,0,412051,869580,0.22
Dhanush P,OHJTS5098T,645,14-01-1983,Education Loan,16639,1424,YES,NO,9,12.66,129978,9250,4,2,5,36,Poor,NO,Salaried,3,191148,1559736,0.07
Urmi Datta,WCTAC6303O,528,02-05-1984,Education Loan,3126,1943,YES,YES,4,8.69,119519,17397,0,2,1,70,Good,YES,Freelancer,2,341293,1434228,0.15
Bhanumati Lanka,IGMMA8127X,533,05-10-1967,Home Loan,25878,20608,NO,NO,3,14.91,51191,7438,4,1,3,21,Good,YES,Self-Employed,3,404340,614292,0.15
Arjun Sehgal,RULRO7934J,644,23-08-1997,Home Loan,34294,7506,NO,NO,4,8.49,187327,8957,1,0,1,72,Poor,YES,Freelancer,3,292949,2247924,0.05
Sara Dugar,KLSMV9876V,841,20-08-1970,Home Loan,6266,4246,NO,YES,9,12.77,101194,19651,3,1,3,34,Good,NO,Freelancer,1,404394,1214328,0.19
Bishakha Babu,IVFNE3898A,568,30-01-1985,Car Loan,17593,3724,NO,YES,8,16.68,157992,14654,5,0,0,35,Poor,YES,Freelancer,0,432345,1895904,0.09
Unni Dar,KFBOJ0572A,320,02-07-1994,Home Loan,11455,7518,NO,NO,7,10.33,74271,2368,0,2,0,13,Poor,YES,Self-Employed,0,128632,891252,0.03
Maanas Tank,PPBTO3049U,472,27-09-1971,Personal Loan,38702,25892,NO,NO,8,11.96,123504,16190,3,2,5,70,Average,YES,Self-Employed,0,497147,1482048,0.13
Zayan Dubey,RBXHW5609J,307,08-08-1976,Car Loan,1023,727,NO,YES,1,9.98,107091,1479,4,2,0,46,Poor,YES,Freelancer,2,11425,1285092,0.01
Bhavna Balakrishnan,ZGYHA9536J,570,02-06-1988,Education Loan,28433,1080,NO,NO,5,16.65,168446,1909,1,2,3,16,Average,YES,Self-Employed,0,118803,2021352,0.01
Ladli Kannan,EAKXD7244U,302,06-07-1969,Education Loan,7587,5458,YES,YES,10,10.74,28642,13306,4,2,0,66,Good,YES,Freelancer,1,418722,343704,0.46
Gunbir Sidhu,TMPIG3162Q,890,12-02-1969,Personal Loan,4050,1824,YES,NO,3,11,90303,8940,0,2,5,54,Good,NO,Salaried,2,144760,1083636,0.1
Yochana Mahajan,UFYZT2107P,324,14-02-1996,Home Loan,42508,18427,YES,NO,1,10.82,160996,7828,4,2,1,27,Good,NO,Salaried,2,341301,1931952,0.05
Nathan Pillai,UYGOU3043Q,692,02-12-1980,Personal Loan,16516,4754,NO,YES,3,14.75,105564,8167,3,0,0,70,Good,YES,Self-Employed,3,95971,1266768,0.08
Aryan Balakrishnan,ATWJM2559G,417,22-06-1961,Personal Loan,30952,13373,NO,YES,5,12.64,54758,12575,4,1,1,16,Good,NO,Salaried,1,435767,657096,0.23
Alexander Bhargava,JDJFT3426U,300,20-01-1984,Personal Loan,9415,4750,YES,YES,4,15.01,136271,15477,5,2,5,60,Good,YES,Freelancer,0,115353,1635252,0.11
Wridesh Bail,GUYGT2345P,300,17-06-1989,Home Loan,30495,18523,YES,YES,9,13.63,105608,6829,3,0,2,32,Average,YES,Salaried,2,51844,1267296,0.06
Bina Kibe,LWZIG4499K,344,04-08-1981,Home Loan,45888,30849,YES,NO,7,8.73,73693,16277,0,1,5,85,Average,YES,Salaried,2,439636,884316,0.22
Alka Bansal,DCQAC8828C,574,14-03-1965,Education Loan,35808,35312,NO,YES,2,14.13,88967,8096,0,1,4,45,Average,YES,Freelancer,3,498827,1067604,0.09
Gauri Mane,LYGKB9547A,881,30-10-1997,Education Loan,42780,33754,NO,NO,4,10.93,56745,12179,3,1,4,20,Poor,YES,Self-Employed,2,339434,680940,0.21
Edhitha Sem,APLCW6837A,664,21-07-1987,Education Loan,5380,4964,YES,YES,10,15.18,111366,5264,0,2,4,28,Poor,YES,Salaried,2,217534,1336392,0.05
Ekapad Sheth,QQSEU9783Q,498,30-09-1977,Car Loan,9118,1259,NO,YES,7,17.38,154190,9050,4,2,0,37,Poor,YES,Self-Employed,1,298374,1850280,0.06
Netra Chand,JFHZM9320U,840,30-08-1987,Car Loan,39715,30744,YES,YES,5,17.13,162586,11355,3,2,0,46,Good,YES,Freelancer,3,39302,1951032,0.07
Riya Chanda,DUDMT2459N,632,12-11-1992,Personal Loan,21530,921,NO,NO,8,11.88,166004,9586,5,2,5,37,Good,NO,Salaried,2,338951,1992048,0.06
Zayyan Taneja,RSIVD8654E,557,06-04-1998,Personal Loan,35004,32700,YES,NO,8,17.77,95114,12372,0,1,5,23,Good,NO,Self-Employed,0,447128,1141368,0.13
Madhav Lanka,NSRPA5339V,577,08-06-1964,Car Loan,6929,3993,YES,YES,5,8.52,135423,11512,1,2,2,51,Good,NO,Salaried,1,168639,1625076,0.09
Ishaan Dhar,SHTFB3733W,468,06-11-1976,Home Loan,13352,7185,NO,YES,1,13.23,123248,1696,4,0,2,64,Poor,NO,Salaried,2,347323,1478976,0.01
Rajeshri Modi,LCUAP8343C,650,05-02-1995,Car Loan,49646,3728,YES,YES,9,17.96,37687,15319,2,1,0,19,Good,YES,Self-Employed,0,334054,452244,0.41
Jagrati Bora,OXPSI0198X,642,07-03-1983,Home Loan,25099,16262,NO,NO,1,15.8,155290,18067,1,0,1,86,Average,NO,Salaried,2,359603,1863480,0.12
Samuel Ramakrishnan,XLZIZ3944Y,852,28-11-1962,Home Loan,16059,14666,NO,NO,6,12.98,108250,10902,5,1,0,81,Good,YES,Self-Employed,3,19380,1299000,0.1
Jasmit Sundaram,ZNLAK7449C,597,27-03-1969,Education Loan,12358,7667,NO,NO,7,17.54,43068,17409,2,1,4,13,Poor,NO,Self-Employed,2,442587,516816,0.4
Frado Oommen,BVBES0330S,535,28-08-1994,Personal Loan,18916,16106,YES,NO,6,10.21,90343,8031,1,2,1,44,Good,NO,Freelancer,3,362085,1084116,0.09
Warinder Pillai,BJASC2878Y,405,13-01-1962,Home Loan,6427,768,NO,YES,1,17.32,136357,16746,3,0,5,72,Poor,YES,Salaried,3,494549,1636284,0.12
Omaja Singh,JORQM6022Y,839,11-10-1977,Personal Loan,18565,5708,NO,NO,8,10.08,161142,15054,1,2,0,81,Average,YES,Self-Employed,3,280844,1933704,0.09
Falguni Barad,UHOSW5968F,869,12-08-1992,Personal Loan,9625,1742,YES,YES,3,14.72,197893,10209,4,1,4,30,Average,NO,Freelancer,2,408860,2374716,0.05
Mohini Andra,PBCPQ7952H,306,25-07-1991,Car Loan,43686,7472,YES,NO,10,13.87,27408,1466,2,2,5,21,Good,YES,Self-Employed,3,164526,328896,0.05
Azaan Batta,ZDCTT1145C,513,23-05-1995,Personal Loan,16637,4926,NO,YES,3,10.89,155218,14459,0,2,3,68,Poor,NO,Self-Employed,0,45482,1862616,0.09
Dayita Kata,BFXYN1275K,315,12-12-1999,Education Loan,32678,9981,NO,YES,8,14.17,33131,9067,2,1,3,26,Average,NO,Freelancer,3,65140,397572,0.27
Bhavna Padmanabhan,JDESH4127N,502,12-04-1975,Education Loan,45582,15102,YES,YES,2,8.08,80928,7258,1,0,4,61,Average,NO,Freelancer,1,150038,971136,0.09
Bhavini Ratti,FOQKK0046Q,626,01-04-1980,Car Loan,4580,2911,YES,NO,3,12.16,179325,14082,4,0,0,66,Good,YES,Freelancer,0,430511,2151900,0.08
Bishakha Mannan,DDJZP2849R,436,16-01-1977,Personal Loan,26782,16710,NO,NO,3,8.48,27660,3030,4,1,2,25,Poor,YES,Salaried,1,60943,331920,0.11
Caleb Biswas,HNGHX4733K,663,25-05-1987,Education Loan,4372,4239,NO,YES,10,12.15,161238,11478,5,1,5,57,Poor,YES,Salaried,3,296577,1934856,0.07
Dev Khurana,KZRNE7736K,447,04-09-1977,Personal Loan,47174,17031,NO,NO,3,8.27,37866,9701,1,2,1,41,Good,NO,Self-Employed,2,106020,454392,0.26
Isaac Dara,FKFUR6174G,359,10-02-1967,Car Loan,45497,16471,YES,NO,9,8.36,25661,17030,4,0,5,25,Average,NO,Freelancer,0,305217,307932,0.66
Anamika Manne,LKHRH5317Y,510,07-03-1977,Home Loan,7558,2531,YES,YES,2,15.78,52072,11787,1,2,2,88,Poor,NO,Salaried,1,416895,624864,0.23
Champak Boase,LUXRU7672D,782,04-06-1979,Personal Loan,22842,11600,YES,NO,6,9.29,170018,16745,3,1,1,56,Good,NO,Salaried,0,100607,2040216,0.1
Vyanjana Randhawa,HUSPD0026J,656,06-09-1998,Education Loan,24581,10176,YES,YES,2,17.18,155792,18064,3,0,1,40,Average,YES,Salaried,1,244723,1869504,0.12
Damyanti Prakash,GZQKA5834K,556,13-09-1974,Education Loan,3285,806,NO,NO,9,14.98,176598,4180,3,2,2,50,Poor,YES,Self-Employed,3,358165,2119176,0.02
Gaurav Vora,YRQIR0268O,486,28-08-1980,Education Loan,37108,17357,NO,YES,10,12.85,73624,1300,2,2,3,31,Average,NO,Freelancer,0,241126,883488,0.02
Amruta Hari,EZYWN5723E,894,24-08-1971,Car Loan,27059,23008,NO,NO,7,12.41,123921,19092,0,2,3,74,Poor,YES,Salaried,3,107875,1487052,0.15
Vihaan Bhargava,AIVSN8119X,476,03-02-1960,Home Loan,39138,14477,YES,YES,6,11.55,22154,4593,1,2,3,72,Poor,NO,Salaried,2,291479,265848,0.21
Kiaan Dhillon,WBHHL6632X,555,31-07-1961,Car Loan,38800,17738,NO,YES,7,16.82,104695,10807,2,1,5,73,Average,NO,Self-Employed,0,429822,1256340,0.1
Yashodhara Chander,BBGIN7690Z,756,31-12-1997,Home Loan,33833,5569,YES,YES,4,10.46,90310,5065,2,1,2,85,Average,YES,Freelancer,3,499582,1083720,0.06
Chavvi Mahajan,GSRCB0557I,687,27-08-1989,Car Loan,27561,18012,YES,NO,8,13.14,71043,3332,2,2,5,35,Poor,YES,Salaried,1,469649,852516,0.05
Dipta Tripathi,NVDVT7220M,818,09-08-1998,Education Loan,18963,7994,NO,YES,7,13.16,139155,3554,3,0,1,31,Average,YES,Freelancer,2,46791,1669860,0.03
Banjeet Bala,BNYNO5703Q,674,31-08-1973,Home Loan,33191,11671,YES,YES,2,13.92,157000,1193,1,0,4,59,Poor,NO,Freelancer,1,121126,1884000,0.01
Ijaya Dave,HJEUC3715S,662,07-08-1959,Car Loan,33928,27781,YES,YES,5,9.45,114916,8663,2,1,5,28,Good,YES,Self-Employed,1,114900,1378992,0.08
Yachana Pradhan,TARBA2855A,477,04-11-1965,Car Loan,1805,1289,NO,NO,7,11.12,185170,2810,2,0,5,27,Average,YES,Self-Employed,2,327264,2222040,0.02
Manya Wason,NGVKK3113S,320,28-01-1967,Car Loan,7154,6176,NO,YES,8,8.49,188220,8755,1,1,5,32,Average,NO,Self-Employed,3,60800,2258640,0.05
Falak Sant,TPLTG9624U,769,16-11-1965,Car Loan,46422,9785,YES,YES,5,9.38,56066,6702,0,0,2,33,Poor,NO,Freelancer,3,315492,672792,0.12
Yamini Ram,HCPPR7311A,728,04-10-1960,Home Loan,38796,25359,NO,NO,5,9.81,162914,19135,2,2,5,35,Good,YES,Freelancer,2,400553,1954968,0.12
Akshay Sachdev,NANHO8788B,301,03-09-1968,Education Loan,31327,19375,NO,NO,7,10.59,142900,10245,3,2,4,10,Good,YES,Freelancer,0,265339,1714800,0.07
Udant Shenoy,ZVNLB1592R,691,22-06-1987,Car Loan,42319,23408,NO,NO,8,11,31087,18255,5,1,2,17,Good,YES,Self-Employed,3,280107,373044,0.59
Rehaan Sama,QLEWJ0329T,475,26-07-1986,Home Loan,9965,1748,YES,NO,8,16.74,101246,11102,0,2,1,36,Good,NO,Freelancer,0,497970,1214952,0.11
Sara Aurora,SHXBO1649E,898,05-01-1995,Personal Loan,1293,898,YES,YES,10,11.8,154393,18039,0,1,2,77,Poor,YES,Self-Employed,3,117090,1852716,0.12
Forum Reddy,INRWF0760S,325,22-12-1966,Home Loan,42039,1250,NO,YES,2,12.96,51351,19056,0,2,2,69,Good,NO,Salaried,1,357406,616212,0.37
Bhanumati Deshpande,XHXAV1676O,549,12-09-1976,Education Loan,45467,37545,NO,NO,10,8.55,155570,12396,1,2,4,82,Poor,NO,Freelancer,1,414906,1866840,0.08
Sara Seth,RZDFK4914H,588,02-03-1993,Car Loan,31008,11689,YES,NO,1,17.72,55691,6741,5,2,0,67,Average,YES,Freelancer,2,468999,668292,0.12
Ekani Sami,KIMBY4388T,660,30-08-1971,Home Loan,30257,21159,NO,NO,5,12.86,118618,5315,2,2,5,34,Average,NO,Self-Employed,0,317465,1423416,0.04
Jalsa Venkatesh,BEMZF5776Q,622,01-03-1986,Education Loan,22199,18714,NO,NO,4,13.49,90821,8966,0,0,5,35,Average,NO,Self-Employed,3,389052,1089852,0.1
Ekbal Bajwa,PXWFY0625E,682,03-12-1971,Home Loan,45225,9727,YES,NO,3,17.55,96458,11443,1,1,2,35,Average,NO,Freelancer,0,481915,1157496,0.12
Lavanya Chanda,BGVAO4631H,788,13-11-1979,Home Loan,41268,24839,NO,NO,6,10.03,82771,6415,1,1,4,86,Average,NO,Salaried,3,379105,993252,0.08
Upma Choudhary,EFUMF3341X,816,31-12-1970,Education Loan,48318,11026,YES,NO,7,14.36,113596,16831,4,2,1,48,Good,NO,Self-Employed,1,95688,1363152,0.15
Manan Ramanathan,NNWCN1838V,673,21-02-1978,Home Loan,41133,28750,YES,NO,6,9,121787,3019,1,2,0,44,Poor,YES,Salaried,0,322397,1461444,0.02
Chanakya Deo,DHYAI4574S,767,03-05-1999,Car Loan,41958,38651,YES,YES,4,8.04,176652,14834,3,1,0,29,Good,NO,Freelancer,0,144290,2119824,0.08
Darika Datta,GGISJ3762Z,344,09-02-1961,Education Loan,17956,2117,NO,NO,6,10.89,51174,12742,1,2,5,52,Average,NO,Self-Employed,0,313064,614088,0.25
Upadhriti Edwin,IFPAF0432O,441,11-09-1964,Car Loan,47344,9097,YES,NO,2,9.32,111172,16944,2,1,5,26,Poor,NO,Salaried,1,88231,1334064,0.15
Fariq Hari,GDKUG1772Q,808,26-11-1967,Home Loan,36676,1196,YES,YES,10,11.33,42335,12861,1,0,4,68,Good,YES,Freelancer,2,137228,508020,0.3
Udyati Sunder,DGDKA0913P,859,21-09-1964,Car Loan,19644,3790,YES,YES,8,10.54,176497,17902,5,2,0,21,Poor,YES,Freelancer,3,405433,2117964,0.1
Bhavini Palan,UQIBE9860V,557,17-01-1968,Home Loan,43042,12180,YES,NO,2,8.77,23083,17234,1,2,4,80,Good,YES,Salaried,0,93204,276996,0.75
Manya Kibe,CQARY0713Y,823,07-08-1981,Home Loan,44369,3974,YES,YES,9,9.01,56528,6285,2,0,2,55,Poor,NO,Self-Employed,3,124565,678336,0.11
Tamanna Talwar,GSYVJ8053N,600,30-08-1966,Car Loan,12821,9318,YES,YES,1,13.6,53420,12856,1,0,4,19,Poor,NO,Freelancer,1,329184,641040,0.24
Vihaan Edwin,ZRJWD6800A,706,10-05-1983,Home Loan,40198,33641,NO,YES,1,13.12,140718,9466,2,1,4,57,Good,NO,Self-Employed,2,391938,1688616,0.07
Sudiksha Atwal,RGTAT8679B,686,14-09-1996,Education Loan,45145,2061,NO,YES,6,13.19,79322,4884,0,0,5,69,Average,NO,Self-Employed,3,419313,951864,0.06
Urmi Pant,XGGLG0396F,575,11-03-1972,Education Loan,19883,13475,YES,NO,10,14.86,157290,15161,3,0,5,15,Poor,YES,Salaried,3,333024,1887480,0.1
Darpan Mahajan,LDPRS3027T,536,17-04-1976,Personal Loan,8848,6547,NO,YES,7,9.87,197251,14019,5,1,1,32,Poor,YES,Salaried,1,404114,2367012,0.07
Divya Arora,GJGOO2490U,857,06-01-1992,Education Loan,7300,3122,YES,YES,2,8.89,36999,17085,1,2,0,23,Good,YES,Freelancer,3,299330,443988,0.46
Alexander Karnik,TBDYQ8579O,766,19-11-1988,Home Loan,10609,2130,YES,YES,4,14.45,124413,8994,2,1,5,68,Poor,YES,Salaried,1,439003,1492956,0.07
Saumya Palan,RNEAG5833O,788,08-04-1987,Education Loan,39363,12392,NO,NO,5,14.06,184988,19939,1,0,2,43,Poor,YES,Freelancer,3,222191,2219856,0.11
Pushti Virk,LDLOF6332K,680,17-05-1972,Car Loan,33320,3785,YES,NO,10,8.93,98973,16274,5,2,4,55,Poor,NO,Salaried,2,204066,1187676,0.16
Azad Nath,EFOZY9449M,373,02-04-1959,Car Loan,49281,370,NO,NO,1,11.81,63302,12682,0,1,5,65,Average,YES,Freelancer,0,345970,759624,0.2
Dayamai Sunder,XZCZL6349Q,840,19-12-1989,Education Loan,16981,2127,NO,YES,7,10.38,88941,10800,4,2,2,69,Average,NO,Freelancer,2,148338,1067292,0.12
Manya Kibe,FLVYL9030P,432,21-10-1993,Car Loan,25756,19484,NO,YES,8,9.91,198930,13801,5,2,5,80,Good,YES,Self-Employed,0,144484,2387160,0.07
Vansha Narain,GPFAI4051G,829,14-04-1996,Car Loan,12801,11267,YES,YES,10,9.4,86945,19729,1,1,2,85,Good,YES,Freelancer,0,106918,1043340,0.23
Fiyaz Kara,LDFHX9439H,704,01-12-1974,Home Loan,41207,8373,NO,NO,8,14.77,89192,16231,0,0,0,20,Poor,NO,Self-Employed,1,490912,1070304,0.18
Yoshita Nori,UGFKY2111C,618,22-09-1970,Home Loan,39876,16798,NO,NO,8,14.23,199393,8247,2,2,3,41,Average,NO,Salaried,3,259488,2392716,0.04
Chakrika Yadav,HQVZP9103K,876,26-06-1994,Car Loan,46374,28425,YES,NO,10,15.38,154639,5753,3,1,3,26,Poor,YES,Salaried,0,231815,1855668,0.04
Sarthak Rege,DBXTW4647N,555,08-07-1975,Education Loan,37958,9108,NO,YES,10,11.5,74162,7906,4,2,4,24,Poor,YES,Self-Employed,0,194727,889944,0.11
Fiyaz Pal,RRMRQ0029S,449,09-11-1960,Home Loan,35399,2207,NO,NO,3,17.79,113555,4854,1,2,5,81,Average,YES,Salaried,0,45228,1362660,0.04
Gopal Parsa,TKGFN4039O,828,25-10-1991,Education Loan,13299,10845,NO,YES,8,17.9,123257,6470,4,0,5,68,Average,NO,Freelancer,2,282655,1479084,0.05
Chandran Pathak,BHPBE7284H,684,12-08-1996,Car Loan,29982,13293,YES,YES,8,10.61,152213,13494,4,1,3,22,Average,YES,Freelancer,3,267063,1826556,0.09
Pranit Mukhopadhyay,ZECZG8774T,705,24-06-1963,Personal Loan,33713,24388,YES,YES,2,12.93,186774,14779,1,2,4,25,Average,NO,Freelancer,3,364834,2241288,0.08
Wazir Deo,YIRAV4484Y,620,11-04-1973,Education Loan,35959,9446,NO,YES,2,12.85,85863,9443,4,2,4,51,Poor,YES,Freelancer,2,176390,1030356,0.11
Aachal Cheema,RCOZC3458A,649,13-02-1974,Car Loan,12982,775,NO,YES,2,9.08,175433,2746,1,0,0,64,Good,NO,Self-Employed,2,242913,2105196,0.02
Yamini Gokhale,XUXLI6566A,630,15-07-1979,Car Loan,7606,5010,NO,NO,6,9.72,34031,2301,0,0,0,81,Good,NO,Freelancer,2,230111,408372,0.07
Manbir Bhalla,CYUGP9222E,607,16-05-1961,Personal Loan,28569,12153,YES,NO,8,14.09,71342,16994,1,1,1,64,Average,YES,Self-Employed,2,156732,856104,0.24
Kabir Srinivasan,UJSVY9816H,431,25-09-1994,Personal Loan,46979,15059,NO,YES,5,10.59,105146,14122,5,0,1,63,Poor,NO,Salaried,3,139016,1261752,0.13
Thomas Palla,MVJIP0289V,787,16-01-1982,Car Loan,42133,17796,NO,YES,4,14.94,95229,17153,2,2,1,23,Poor,NO,Freelancer,0,346427,1142748,0.18
Meera Pingle,FYEYR1979X,332,25-11-1982,Home Loan,1897,736,NO,NO,7,15.84,72128,6696,4,2,1,62,Average,YES,Self-Employed,2,156740,865536,0.09
Edhitha Kashyap,MWJAV8723H,346,25-10-1994,Home Loan,37304,22581,YES,YES,8,17.11,183893,14171,5,0,4,19,Average,YES,Freelancer,1,294633,2206716,0.08
Jack Kale,VKPHX3323L,576,01-03-1999,Personal Loan,8850,6605,YES,NO,3,11.02,78261,6228,5,1,4,65,Good,YES,Salaried,3,307303,939132,0.08
Januja Sarna,VKEFD8099V,389,27-11-1962,Car Loan,43571,2561,YES,YES,9,9.29,158169,18708,5,0,3,59,Poor,YES,Salaried,1,323002,1898028,0.12
Charvi Suri,MEOGL6158P,314,05-11-1963,Home Loan,3619,3304,NO,YES,3,10.23,108157,14976,4,0,5,27,Good,NO,Salaried,3,404871,1297884,0.14
Adya Madan,VGSKM5913Q,447,20-11-1971,Car Loan,49530,3644,YES,NO,8,12.96,62835,1873,3,2,2,28,Poor,NO,Salaried,1,127789,754020,0.03
Qadim Bedi,WTQND0809T,823,04-07-1972,Home Loan,37801,17389,NO,NO,2,14.24,116789,3341,0,1,3,14,Good,YES,Freelancer,0,499966,1401468,0.03
Ladli Date,AJCBT3345L,805,08-03-1965,Personal Loan,45008,38095,YES,NO,5,13.54,188658,1293,3,0,0,48,Good,NO,Salaried,0,439203,2263896,0.01
Tripti Ramakrishnan,ESBNG3471O,881,08-07-1997,Education Loan,8491,8043,YES,YES,2,11.76,45854,19542,0,1,0,48,Poor,NO,Salaried,0,425398,550248,0.43
Bimala Edwin,ZRJIM6517X,514,31-05-1986,Education Loan,26006,17163,YES,YES,9,14.14,146631,3307,0,0,3,49,Poor,NO,Salaried,1,471456,1759572,0.02
Dipta Shetty,SXSKD0216S,565,21-06-1986,Car Loan,10720,969,YES,YES,3,9.7,154094,11555,2,1,5,54,Poor,NO,Freelancer,2,352922,1849128,0.07
Pooja Sarkar,ATAXP5892D,792,06-07-1967,Car Loan,26428,11855,NO,YES,2,9.2,166730,4775,3,1,2,88,Good,NO,Self-Employed,1,90316,2000760,0.03
Rachit Balay,CLEJW9037Z,411,12-10-1991,Home Loan,37851,3884,YES,NO,8,8.95,32144,7705,5,0,1,73,Average,NO,Freelancer,2,340807,385728,0.24
Chameli Venkatesh,NHREX0146R,461,13-01-1965,Home Loan,28462,13332,YES,NO,9,9.81,135856,10043,1,1,3,18,Good,NO,Self-Employed,3,399533,1630272,0.07
Gaurang Bhardwaj,XWWXE3991W,371,12-03-1964,Education Loan,10751,8962,NO,NO,4,15.07,27552,18645,0,0,0,73,Average,YES,Self-Employed,3,438294,330624,0.68
Zansi Mital,SDJDL8523H,897,06-04-1981,Personal Loan,10253,8074,YES,YES,6,15.75,108685,16663,1,0,5,26,Average,YES,Salaried,2,232907,1304220,0.15
Warinder Bains,HENNA4411G,753,18-09-1973,Car Loan,9577,5423,YES,YES,3,8.48,198385,2281,2,0,1,35,Poor,NO,Freelancer,1,139404,2380620,0.01
Rachit Mitter,RPUOV5368A,328,19-08-1982,Car Loan,1560,1107,YES,NO,9,16.98,50878,14531,4,0,1,21,Average,NO,Salaried,1,93773,610536,0.29
Upasna Barman,OGWGV1994O,416,09-11-1974,Education Loan,40754,9549,YES,NO,2,13.29,158146,10111,3,1,2,30,Good,NO,Salaried,3,31393,1897752,0.06
Ekavir Raj,XAEEO1030E,554,15-02-1998,Personal Loan,41712,22741,NO,YES,3,17.67,110109,6700,0,0,2,59,Average,YES,Freelancer,3,421749,1321308,0.06
Faraj Lal,GMTFW1919M,849,12-06-1974,Education Loan,8605,4865,NO,NO,1,11.35,92819,4473,0,1,3,12,Good,NO,Salaried,1,349404,1113828,0.05
Ekanta Mittal,SFYQA8176S,742,17-03-1996,Car Loan,30435,7486,YES,NO,7,13.89,140022,18584,4,0,1,70,Poor,NO,Self-Employed,1,73442,1680264,0.13
Vihaan Sachdev,SJVYE4162E,300,16-04-1994,Car Loan,1398,664,YES,YES,7,17.08,97286,13478,2,1,5,77,Average,NO,Freelancer,3,154756,1167432,0.14
Advaith Kala,WCLIC3364Q,391,07-01-1973,Education Loan,7659,5366,YES,YES,10,12.27,97359,2656,4,2,0,31,Good,YES,Freelancer,2,134946,1168308,0.03
Warda Vohra,IAHAM9736D,694,09-01-1965,Education Loan,31826,20528,NO,NO,6,8.55,166555,13640,1,2,2,77,Poor,YES,Salaried,0,315129,1998660,0.08
Ati Parekh,CLXWG9339S,766,19-12-1986,Education Loan,25138,18821,YES,YES,9,17.26,63233,15805,0,1,5,57,Average,YES,Self-Employed,1,240259,758796,0.25
Abhiram Misra,QQEHY3868X,579,26-09-1994,Home Loan,46183,35609,YES,NO,5,12.39,151004,3744,0,1,4,27,Good,YES,Self-Employed,3,126128,1812048,0.02
Harita Chandran,SFIHM6301K,343,14-03-1961,Personal Loan,46228,20643,NO,NO,6,8.91,54692,8762,5,2,2,86,Good,NO,Salaried,3,496919,656304,0.16
Garima Apte,BCMDY5394Z,537,15-10-1963,Education Loan,25592,18445,YES,YES,7,17.31,190431,2931,0,0,5,52,Good,YES,Self-Employed,1,117741,2285172,0.02
Tamizhenthan S,YMNNJ6496K,639,11-05-1998,Car Loan,39731,0,YES,YES,7,8.4,183972,10776,4,2,2,63,Poor,NO,Freelancer,0,404350,2207664,0.06
Kondalrao,KOSDE3421L,720,24-05-2001,Home Loan,1500000,1700000,NO,YES,9,3.5,25000,30000,1,4,0,0,Good,YES,Freelancer,1,60000,700000,0.004